<?xml version="1.0" encoding="UTF-8"?><rss version="2.0"
	xmlns:content="http://purl.org/rss/1.0/modules/content/"
	xmlns:dc="http://purl.org/dc/elements/1.1/"
	xmlns:atom="http://www.w3.org/2005/Atom"
	xmlns:sy="http://purl.org/rss/1.0/modules/syndication/"
	
	>
<channel>
	<title>
	Comments on: Water quality in Canadian rivers – Water quality at monitoring sites, Canada	</title>
	<atom:link href="/water-quality-in-canadian-rivers-water-quality-at-monitoring-sites-canada/feed/" rel="self" type="application/rss+xml" />
	<link>/water-quality-in-canadian-rivers-water-quality-at-monitoring-sites-canada/</link>
	<description></description>
	<lastBuildDate>Fri, 12 Mar 2021 21:01:00 +0000</lastBuildDate>
	<sy:updatePeriod>
	hourly	</sy:updatePeriod>
	<sy:updateFrequency>
	1	</sy:updateFrequency>
	<generator>https://wordpress.org/?v=5.7.1</generator>
</channel>
</rss>
