<?xml version="1.0" encoding="UTF-8"?><rss version="2.0"
	xmlns:content="http://purl.org/rss/1.0/modules/content/"
	xmlns:dc="http://purl.org/dc/elements/1.1/"
	xmlns:atom="http://www.w3.org/2005/Atom"
	xmlns:sy="http://purl.org/rss/1.0/modules/syndication/"
	
	>
<channel>
	<title>
	Comments on: River Ice State in Canada &#8211; Cartographic Product Collection	</title>
	<atom:link href="/river-ice-state-in-canada-cartographic-product-collection/feed/" rel="self" type="application/rss+xml" />
	<link>/river-ice-state-in-canada-cartographic-product-collection/</link>
	<description></description>
	<lastBuildDate>Thu, 28 Jan 2021 17:32:55 +0000</lastBuildDate>
	<sy:updatePeriod>
	hourly	</sy:updatePeriod>
	<sy:updateFrequency>
	1	</sy:updateFrequency>
	<generator>https://wordpress.org/?v=5.6.2</generator>
</channel>
</rss>
