<?xml version="1.0" encoding="UTF-8"?><rss version="2.0"
	xmlns:content="http://purl.org/rss/1.0/modules/content/"
	xmlns:dc="http://purl.org/dc/elements/1.1/"
	xmlns:atom="http://www.w3.org/2005/Atom"
	xmlns:sy="http://purl.org/rss/1.0/modules/syndication/"
	
	>
<channel>
	<title>
	Comments on: Importance of the forest industry to the regional economy	</title>
	<atom:link href="/importance-of-the-forest-industry-to-the-regional-economy/feed/" rel="self" type="application/rss+xml" />
	<link>/importance-of-the-forest-industry-to-the-regional-economy/</link>
	<description></description>
	<lastBuildDate>Wed, 10 Mar 2021 12:33:52 +0000</lastBuildDate>
	<sy:updatePeriod>
	hourly	</sy:updatePeriod>
	<sy:updateFrequency>
	1	</sy:updateFrequency>
	<generator>https://wordpress.org/?v=5.7.1</generator>
</channel>
</rss>
