<?xml version="1.0" encoding="UTF-8"?><rss version="2.0"
	xmlns:content="http://purl.org/rss/1.0/modules/content/"
	xmlns:dc="http://purl.org/dc/elements/1.1/"
	xmlns:atom="http://www.w3.org/2005/Atom"
	xmlns:sy="http://purl.org/rss/1.0/modules/syndication/"
	
	>
<channel>
	<title>
	Comments on: Canada Base Map Transportation (CBMT)	</title>
	<atom:link href="/canada-base-map-transportation-cbmt/feed/" rel="self" type="application/rss+xml" />
	<link>/canada-base-map-transportation-cbmt/</link>
	<description></description>
	<lastBuildDate>Mon, 08 Feb 2021 21:14:42 +0000</lastBuildDate>
	<sy:updatePeriod>
	hourly	</sy:updatePeriod>
	<sy:updateFrequency>
	1	</sy:updateFrequency>
	<generator>https://wordpress.org/?v=5.6.2</generator>
</channel>
</rss>
