<?xml version="1.0" encoding="UTF-8"?><rss version="2.0"
	xmlns:content="http://purl.org/rss/1.0/modules/content/"
	xmlns:dc="http://purl.org/dc/elements/1.1/"
	xmlns:atom="http://www.w3.org/2005/Atom"
	xmlns:sy="http://purl.org/rss/1.0/modules/syndication/"
	
	>
<channel>
	<title>
	Comments on: Air pollutant emissions – Total particulate matter emissions by facility, Canada	</title>
	<atom:link href="/air-pollutant-emissions-total-particulate-matter-emissions-by-facility-canada/feed/" rel="self" type="application/rss+xml" />
	<link>/air-pollutant-emissions-total-particulate-matter-emissions-by-facility-canada/</link>
	<description></description>
	<lastBuildDate>Mon, 08 Feb 2021 21:10:13 +0000</lastBuildDate>
	<sy:updatePeriod>
	hourly	</sy:updatePeriod>
	<sy:updateFrequency>
	1	</sy:updateFrequency>
	<generator>https://wordpress.org/?v=5.6.2</generator>
</channel>
</rss>
