<?xml version="1.0" encoding="UTF-8"?><rss version="2.0"
	xmlns:content="http://purl.org/rss/1.0/modules/content/"
	xmlns:dc="http://purl.org/dc/elements/1.1/"
	xmlns:atom="http://www.w3.org/2005/Atom"
	xmlns:sy="http://purl.org/rss/1.0/modules/syndication/"
	
	>
<channel>
	<title>
	Comments on: Soil Landscapes of Canada Version 3.2	</title>
	<atom:link href="/soil-landscapes-of-canada-version-3-2/feed/" rel="self" type="application/rss+xml" />
	<link>/soil-landscapes-of-canada-version-3-2/</link>
	<description></description>
	<lastBuildDate>Thu, 28 Jan 2021 17:33:58 +0000</lastBuildDate>
	<sy:updatePeriod>
	hourly	</sy:updatePeriod>
	<sy:updateFrequency>
	1	</sy:updateFrequency>
	<generator>https://wordpress.org/?v=5.6.2</generator>
</channel>
</rss>
