<?xml version="1.0" encoding="UTF-8"?><rss version="2.0"
	xmlns:content="http://purl.org/rss/1.0/modules/content/"
	xmlns:dc="http://purl.org/dc/elements/1.1/"
	xmlns:atom="http://www.w3.org/2005/Atom"
	xmlns:sy="http://purl.org/rss/1.0/modules/syndication/"
	
	>
<channel>
	<title>
	Comments on: National Hydro Network &#8211; NHN &#8211; GeoBase Series	</title>
	<atom:link href="/national-hydro-network-nhn-geobase-series/feed/" rel="self" type="application/rss+xml" />
	<link>/national-hydro-network-nhn-geobase-series/</link>
	<description></description>
	<lastBuildDate>Thu, 21 Jan 2021 21:14:11 +0000</lastBuildDate>
	<sy:updatePeriod>
	hourly	</sy:updatePeriod>
	<sy:updateFrequency>
	1	</sy:updateFrequency>
	<generator>https://wordpress.org/?v=5.6.2</generator>
</channel>
</rss>
